date,fii,dii,regime,net_flow
2022-01-03,2582.28,245.84,bull,2828.1200000000003
2022-01-04,1982.71,486.54,bull,2469.25
2022-01-05,4798.9,-753.99,bull,4044.91
2022-01-06,2054.5,517.37,bull,2571.87
2022-01-07,4079.57,-866.0,bull,3213.57
2022-01-10,2079.81,-697.25,bull,1382.56
2022-01-11,1155.55,-1143.06,bull,12.490000000000009
2022-01-12,1495.86,-1037.46,bull,458.39999999999986
2022-01-13,2465.32,-336.05,bull,2129.27
2022-01-14,4050.5,-1198.85,bull,2851.65
2022-01-17,3484.32,-649.79,bull,2834.53
2022-01-18,2450.54,-27.63,bull,2422.91
2022-01-19,1377.28,-232.31,bull,1144.97
2022-01-20,2666.45,-155.28,bull,2511.1699999999996
2022-01-21,2789.17,1218.71,bull,4007.88
2022-01-24,1862.26,-871.7,bull,990.56
2022-01-25,1876.86,-888.83,bull,988.0299999999999
2022-01-26,1862.61,332.31,bull,2194.92
2022-01-27,3920.5,-899.52,bull,3020.98
2022-01-28,1667.64,-170.01,bull,1497.63
2022-01-31,1947.78,-56.95,bull,1890.83
2022-02-01,2702.92,-1561.02,bull,1141.9
2022-02-02,4047.51,757.11,bull,4804.62
2022-02-03,1887.21,-771.39,bull,1115.8200000000002
2022-02-04,2785.87,-265.88,bull,2519.99
2022-02-07,3158.54,907.14,bull,4065.68
2022-02-08,2323.05,-1058.81,bull,1264.2400000000002
2022-02-09,1120.68,-1011.65,bull,109.03000000000009
2022-02-10,2466.87,756.19,bull,3223.06
2022-02-11,1982.39,-343.35,bull,1639.04
2022-02-14,2483.58,331.88,bull,2815.46
2022-02-15,5026.93,-871.61,bull,4155.320000000001
2022-02-16,2010.56,230.91,bull,2241.47
2022-02-17,3181.89,792.7,bull,3974.59
2022-02-18,3083.93,-751.5,bull,2332.43
2022-02-21,3090.65,276.09,bull,3366.7400000000002
2022-02-22,3320.48,-144.91,bull,3175.57
2022-02-23,3566.67,318.51,bull,3885.1800000000003
2022-02-24,3882.16,-45.9,bull,3836.2599999999998
2022-02-25,2332.88,-397.3,bull,1935.5800000000002
2022-02-28,3706.51,-1071.85,bull,2634.6600000000003
2022-03-01,2868.67,-775.34,bull,2093.33
2022-03-02,2528.74,394.92,bull,2923.66
2022-03-03,2691.1,-467.49,bull,2223.6099999999997
2022-03-04,1140.14,22.38,bull,1162.5200000000002
2022-03-07,3145.48,1014.28,bull,4159.76
2022-03-08,2192.22,-346.59,bull,1845.6299999999999
2022-03-09,2749.38,604.22,bull,3353.6000000000004
2022-03-10,2404.7,-304.68,bull,2100.02
2022-03-11,3107.9,-369.37,bull,2738.53
2022-03-14,2053.57,-364.14,bull,1689.4300000000003
2022-03-15,3573.63,-1218.56,bull,2355.07
2022-03-16,2632.97,-990.08,bull,1642.8899999999999
2022-03-17,3695.05,-1566.23,bull,2128.82
2022-03-18,1941.08,-235.95,bull,1705.1299999999999
2022-03-21,4065.52,-546.03,bull,3519.49
2022-03-22,1944.8,816.81,bull,2761.6099999999997
2022-03-23,1051.99,-2039.16,bull,-987.1700000000001
2022-03-24,2940.01,-851.44,bull,2088.57
2022-03-25,1478.77,-4.15,bull,1474.62
2022-03-28,2743.8,-894.86,bull,1848.94
2022-03-29,1219.7,110.72,bull,1330.42
2022-03-30,3150.2,-569.42,bull,2580.7799999999997
2022-03-31,4346.64,-1249.06,bull,3097.5800000000004
2022-04-01,974.47,-984.34,bull,-9.870000000000005
2022-04-04,2454.41,-329.66,bull,2124.75
2022-04-05,2258.76,-253.56,bull,2005.2000000000003
2022-04-06,1248.46,510.64,bull,1759.1
2022-04-07,2417.85,282.11,bull,2699.96
2022-04-08,2842.73,-180.27,bull,2662.46
2022-04-11,3069.77,-186.6,bull,2883.17
2022-04-12,3142.72,430.41,bull,3573.1299999999997
2022-04-13,-5606.96,5063.51,crisis,-543.4499999999998
2022-04-14,-6179.47,6160.18,crisis,-19.289999999999964
2022-04-15,-7352.78,6701.41,crisis,-651.3699999999999
2022-04-18,-6080.32,1853.84,crisis,-4226.48
2022-04-19,-5743.79,2978.42,crisis,-2765.37
2022-04-20,-4318.71,3021.06,crisis,-1297.65
2022-04-21,-6892.37,1165.69,crisis,-5726.68
2022-04-22,-6904.61,364.18,crisis,-6540.429999999999
2022-04-25,-9167.81,5140.62,crisis,-4027.1899999999996
2022-04-26,-4428.4,4638.19,crisis,209.78999999999996
2022-04-27,-7933.95,3928.43,crisis,-4005.52
2022-04-28,-6007.21,2262.45,crisis,-3744.76
2022-04-29,-2993.2,5316.04,crisis,2322.84
2022-05-02,-6441.93,4040.33,crisis,-2401.6000000000004
2022-05-03,-5583.23,937.4,crisis,-4645.83
2022-05-04,-6494.35,2977.02,crisis,-3517.3300000000004
2022-05-05,-8003.24,3578.35,crisis,-4424.889999999999
2022-05-06,-2404.63,4961.26,crisis,2556.63
2022-05-09,-7142.36,4858.87,crisis,-2283.49
2022-05-10,-3201.29,5386.95,crisis,2185.66
2022-05-11,-5880.74,3029.59,crisis,-2851.1499999999996
2022-05-12,-4603.55,4590.23,crisis,-13.320000000000618
2022-05-13,-4209.61,4952.76,crisis,743.1500000000005
2022-05-16,-3900.89,3197.15,crisis,-703.7399999999998
2022-05-17,-3365.21,4296.4,crisis,931.1899999999996
2022-05-18,-1849.48,2966.22,crisis,1116.7399999999998
2022-05-19,-2528.07,4296.87,crisis,1768.7999999999997
2022-05-20,-7302.84,3274.17,crisis,-4028.67
2022-05-23,-6640.69,4636.25,crisis,-2004.4399999999996
2022-05-24,-4954.33,3139.45,crisis,-1814.88
2022-05-25,-6048.71,7213.41,crisis,1164.6999999999998
2022-05-26,-2544.91,4654.49,crisis,2109.58
2022-05-27,-5923.99,4180.05,crisis,-1743.9399999999996
2022-05-30,-4772.96,2465.81,crisis,-2307.15
2022-05-31,-6514.75,1497.12,crisis,-5017.63
2022-06-01,-5201.55,4970.79,crisis,-230.76000000000022
2022-06-02,-6966.37,6360.98,crisis,-605.3900000000003
2022-06-03,-8451.53,1803.44,crisis,-6648.09
2022-06-06,-5551.1,5570.65,crisis,19.549999999999272
2022-06-07,-2632.14,3311.67,crisis,679.5300000000002
2022-06-08,-3842.64,3942.24,crisis,99.59999999999991
2022-06-09,-6345.25,5325.49,crisis,-1019.7600000000002
2022-06-10,-4695.35,1635.41,crisis,-3059.9400000000005
2022-06-13,-3046.92,6070.14,crisis,3023.2200000000003
2022-06-14,-7251.13,4593.71,crisis,-2657.42
2022-06-15,-5011.94,4391.01,crisis,-620.9299999999994
2022-06-16,-7100.61,2992.56,crisis,-4108.049999999999
2022-06-17,-6051.11,5759.09,crisis,-292.0199999999995
2022-06-20,-4912.8,3444.08,crisis,-1468.7200000000003
2022-06-21,-4456.6,-272.81,crisis,-4729.410000000001
2022-06-22,-3702.47,1390.43,crisis,-2312.04
2022-06-23,-6724.88,2320.5,crisis,-4404.38
2022-06-24,-8589.36,5741.24,crisis,-2848.120000000001
2022-06-27,2032.3,-257.45,bull,1774.85
2022-06-28,2453.08,-166.07,bull,2287.0099999999998
2022-06-29,268.88,-3207.48,high_vol,-2938.6
2022-06-30,3486.93,-1234.39,high_vol,2252.54
2022-07-01,-5448.04,-1070.29,high_vol,-6518.33
2022-07-04,5252.66,2125.55,high_vol,7378.21
2022-07-05,-1220.28,-873.14,high_vol,-2093.42
2022-07-06,-1125.72,5191.87,high_vol,4066.1499999999996
2022-07-07,1336.77,1075.1,high_vol,2411.87
2022-07-08,3605.99,596.97,high_vol,4202.96
2022-07-11,-906.65,-490.87,high_vol,-1397.52
2022-07-12,-250.6,-93.06,high_vol,-343.65999999999997
2022-07-13,2546.7,129.86,high_vol,2676.56
2022-07-14,2564.24,-201.79,high_vol,2362.45
2022-07-15,275.22,-4995.5,high_vol,-4720.28
2022-07-18,3207.15,866.22,high_vol,4073.37
2022-07-19,3493.04,-7240.64,high_vol,-3747.6000000000004
2022-07-20,7309.31,-348.97,high_vol,6960.34
2022-07-21,3878.64,-2599.76,high_vol,1278.8799999999997
2022-07-22,2144.71,-2633.54,high_vol,-488.8299999999999
2022-07-25,-2183.19,4785.08,high_vol,2601.89
2022-07-26,-667.39,543.58,high_vol,-123.80999999999995
2022-07-27,3045.24,1239.2,high_vol,4284.44
2022-07-28,526.47,912.4,high_vol,1438.87
2022-07-29,8411.95,-144.05,high_vol,8267.900000000001
2022-08-01,703.85,2626.64,high_vol,3330.49
2022-08-02,3869.34,2967.58,high_vol,6836.92
2022-08-03,2235.56,-2857.51,high_vol,-621.9500000000003
2022-08-04,5717.01,-2865.86,high_vol,2851.15
2022-08-05,1059.22,-1885.69,high_vol,-826.47
2022-08-08,-224.48,821.91,high_vol,597.43
2022-08-09,1124.75,1054.8,high_vol,2179.55
2022-08-10,5647.99,1133.84,high_vol,6781.83
2022-08-11,-854.55,2410.22,high_vol,1555.6699999999998
2022-08-12,4163.15,-3069.02,high_vol,1094.1299999999997
2022-08-15,2090.9,1752.93,high_vol,3843.83
2022-08-16,-1041.47,3439.27,high_vol,2397.8
2022-08-17,-525.19,313.94,high_vol,-211.25000000000006
2022-08-18,-605.75,38.95,high_vol,-566.8
2022-08-19,-3836.96,-3600.13,high_vol,-7437.09
2022-08-22,5580.77,-2117.4,high_vol,3463.3700000000003
2022-08-23,-3469.87,-5383.48,high_vol,-8853.349999999999
2022-08-24,-2236.37,-3307.72,high_vol,-5544.09
2022-08-25,5747.05,2524.54,high_vol,8271.59
2022-08-26,-2408.53,5631.09,high_vol,3222.56
2022-08-29,3436.18,-812.08,high_vol,2624.1
2022-08-30,-8747.92,5727.36,high_vol,-3020.5600000000004
2022-08-31,-4863.5,-4113.5,high_vol,-8977.0
2022-09-01,3579.0,6099.38,high_vol,9678.380000000001
2022-09-02,4844.95,1409.77,high_vol,6254.719999999999
2022-09-05,2081.64,2133.54,high_vol,4215.18
2022-09-06,2656.25,702.98,high_vol,3359.23
2022-09-07,364.7,-156.48,high_vol,208.22
2022-09-08,-2638.88,-701.69,high_vol,-3340.57
2022-09-09,-5925.35,-245.85,high_vol,-6171.200000000001
2022-09-12,-3460.07,-2758.97,high_vol,-6219.04
2022-09-13,629.63,3480.01,high_vol,4109.64
2022-09-14,3214.11,-3926.25,high_vol,-712.1399999999999
2022-09-15,-3463.7,2351.93,high_vol,-1111.77
2022-09-16,-3438.71,-561.58,high_vol,-4000.29
2022-09-19,1925.18,-2420.86,high_vol,-495.68000000000006
2022-09-20,368.81,-3335.06,high_vol,-2966.25
2022-09-21,-2104.79,799.45,high_vol,-1305.34
2022-09-22,-5575.48,1101.19,high_vol,-4474.289999999999
2022-09-23,-68.73,1381.22,high_vol,1312.49
2022-09-26,783.7,3410.35,high_vol,4194.05
2022-09-27,438.29,-1073.51,high_vol,-635.22
2022-09-28,428.04,1358.25,high_vol,1786.29
2022-09-29,171.01,101.48,high_vol,272.49
2022-09-30,-2456.97,-1657.25,high_vol,-4114.219999999999
2022-10-03,-4909.12,4373.94,high_vol,-535.1800000000003
2022-10-04,-4353.52,-1732.26,high_vol,-6085.780000000001
2022-10-05,-2514.43,2237.31,high_vol,-277.1199999999999
2022-10-06,-1032.32,3119.36,high_vol,2087.04
2022-10-07,-2357.22,697.49,high_vol,-1659.7299999999998
2022-10-10,-2923.71,5362.87,high_vol,2439.16
2022-10-11,-4156.59,774.55,high_vol,-3382.04
2022-10-12,2218.22,1034.5,high_vol,3252.72
2022-10-13,-648.51,-324.55,high_vol,-973.06
2022-10-14,153.34,-367.51,high_vol,-214.17
2022-10-17,3373.58,5526.31,high_vol,8899.89
2022-10-18,-1951.22,-3424.51,high_vol,-5375.7300000000005
2022-10-19,-308.99,6449.27,high_vol,6140.280000000001
2022-10-20,-2812.86,4097.79,high_vol,1284.9299999999998
2022-10-21,5871.95,-1383.97,high_vol,4487.98
2022-10-24,1991.44,4070.99,high_vol,6062.43
2022-10-25,-1326.95,-508.95,high_vol,-1835.9
2022-10-26,-2035.88,-2536.89,high_vol,-4572.77
2022-10-27,-3279.13,820.85,bear,-2458.28
2022-10-28,-2459.1,1184.02,bear,-1275.08
2022-10-31,-2219.46,555.28,bear,-1664.18
2022-11-01,-2102.94,2466.82,bear,363.8800000000001
2022-11-02,-4892.48,2099.25,bear,-2793.2299999999996
2022-11-03,-1026.8,832.29,bear,-194.51
2022-11-04,-492.91,2135.22,bear,1642.3099999999997
2022-11-07,-3346.01,1755.38,bear,-1590.63
2022-11-08,-1830.01,1860.8,bear,30.789999999999964
2022-11-09,-1853.49,1063.46,bear,-790.03
2022-11-10,-2296.77,669.03,bear,-1627.74
2022-11-11,-2633.47,1076.87,bear,-1556.6
2022-11-14,-3382.64,2788.87,bear,-593.77
2022-11-15,-1190.43,2287.31,bear,1096.8799999999999
2022-11-16,-3810.78,1546.87,bear,-2263.9100000000003
2022-11-17,-1044.28,1913.37,bear,869.0899999999999
2022-11-18,283.2,2114.65,bear,2397.85
2022-11-21,-2269.54,1552.71,bear,-716.8299999999999
2022-11-22,-2339.75,1678.02,bear,-661.73
2022-11-23,-1650.27,2565.36,bear,915.0900000000001
2022-11-24,-3443.19,735.01,bear,-2708.1800000000003
2022-11-25,-4703.45,2206.39,bear,-2497.06
2022-11-28,-3824.04,77.69,bear,-3746.35
2022-11-29,-2033.71,3794.4,bear,1760.69
2022-11-30,-2507.29,2470.79,bear,-36.5
2022-12-01,-2401.8,1720.89,bear,-680.9100000000001
2022-12-02,-1397.11,1567.78,bear,170.67000000000007
2022-12-05,-2179.13,2057.36,bear,-121.76999999999998
2022-12-06,-3301.71,2593.63,bear,-708.0799999999999
2022-12-07,-612.36,-1889.36,high_vol,-2501.72
2022-12-08,1877.78,-2246.17,high_vol,-368.3900000000001
2022-12-09,98.63,-22.8,high_vol,75.83
2022-12-12,3800.63,1186.75,high_vol,4987.38
2022-12-13,-87.59,2044.42,high_vol,1956.8300000000002
2022-12-14,4865.73,1394.53,high_vol,6260.259999999999
2022-12-15,36.23,-3279.59,high_vol,-3243.36
2022-12-16,-3727.9,-763.06,high_vol,-4490.96
2022-12-19,-2133.29,-467.43,high_vol,-2600.72
2022-12-20,198.27,1324.23,high_vol,1522.5
2022-12-21,-246.75,1216.25,high_vol,969.5
2022-12-22,225.66,-4938.67,high_vol,-4713.01
2022-12-23,-3287.67,-360.22,high_vol,-3647.8900000000003
2022-12-26,-4233.93,1499.82,high_vol,-2734.1100000000006
2022-12-27,5357.63,3046.9,high_vol,8404.53
2022-12-28,-747.05,3726.82,high_vol,2979.7700000000004
2022-12-29,520.34,-842.71,high_vol,-322.37
2022-12-30,-2146.91,-756.17,high_vol,-2903.08
2023-01-02,-1358.62,426.04,high_vol,-932.5799999999999
2023-01-03,562.01,7.62,high_vol,569.63
2023-01-04,1529.28,2976.62,high_vol,4505.9
2023-01-05,3323.44,-3712.24,high_vol,-388.7999999999997
2023-01-06,-8938.72,2335.8,high_vol,-6602.919999999999
2023-01-09,-4784.08,-561.91,high_vol,-5345.99
2023-01-10,-4095.4,-4504.95,high_vol,-8600.35
2023-01-11,1895.12,1897.89,high_vol,3793.01
2023-01-12,-2017.79,-6477.61,high_vol,-8495.4
2023-01-13,-1911.86,979.51,high_vol,-932.3499999999999
2023-01-16,-5176.19,458.4,high_vol,-4717.79
2023-01-17,-53.58,1448.23,high_vol,1394.65
2023-01-18,418.53,-2432.67,high_vol,-2014.14
2023-01-19,4188.0,-396.32,high_vol,3791.68
2023-01-20,-95.57,-2333.17,high_vol,-2428.7400000000002
2023-01-23,-1551.49,-2212.01,high_vol,-3763.5
2023-01-24,-605.31,4279.27,high_vol,3673.9600000000005
2023-01-25,-4801.65,-4033.9,high_vol,-8835.55
2023-01-26,5149.1,-523.31,high_vol,4625.790000000001
2023-01-27,-2341.75,2599.76,high_vol,258.0100000000002
2023-01-30,-2119.65,4565.02,high_vol,2445.3700000000003
2023-01-31,2372.74,-1219.78,high_vol,1152.9599999999998
2023-02-01,7550.58,-1514.29,high_vol,6036.29
2023-02-02,2597.33,748.23,high_vol,3345.56
2023-02-03,4556.09,3903.78,high_vol,8459.87
2023-02-06,112.01,-1883.54,high_vol,-1771.53
2023-02-07,1609.9,-1694.29,high_vol,-84.38999999999987
2023-02-08,7046.86,341.34,high_vol,7388.2
2023-02-09,-1278.63,461.7,high_vol,-816.9300000000001
2023-02-10,-4714.94,-2429.04,high_vol,-7143.98
2023-02-13,4201.45,-1642.24,high_vol,2559.21
2023-02-14,-3664.19,1341.63,high_vol,-2322.56
2023-02-15,4149.96,1797.38,high_vol,5947.34
2023-02-16,3486.17,-1891.99,high_vol,1594.18
2023-02-17,-4976.34,3753.33,high_vol,-1223.0100000000002
2023-02-20,-1129.38,-627.08,high_vol,-1756.46
2023-02-21,4648.68,1390.58,high_vol,6039.26
2023-02-22,1595.61,5412.51,high_vol,7008.12
2023-02-23,-2252.31,2319.6,high_vol,67.28999999999996
2023-02-24,199.55,671.48,high_vol,871.03
2023-02-27,5349.64,1269.59,high_vol,6619.2300000000005
2023-02-28,1884.04,2681.27,high_vol,4565.3099999999995
2023-03-01,-1277.33,-2098.02,high_vol,-3375.35
2023-03-02,-3656.83,-4915.89,high_vol,-8572.720000000001
2023-03-03,7196.72,-2758.02,high_vol,4438.700000000001
2023-03-06,-774.39,-692.03,high_vol,-1466.42
2023-03-07,1075.92,2039.34,high_vol,3115.26
2023-03-08,3011.66,-1457.69,high_vol,1553.9699999999998
2023-03-09,-584.93,706.45,high_vol,121.5200000000001
2023-03-10,-870.42,4018.36,high_vol,3147.94
2023-03-13,1718.41,1837.19,high_vol,3555.6000000000004
2023-03-14,2320.08,2933.68,high_vol,5253.76
2023-03-15,633.58,-3242.08,high_vol,-2608.5
2023-03-16,1398.91,-1628.39,high_vol,-229.48000000000002
2023-03-17,-1850.16,1465.91,high_vol,-384.25
2023-03-20,4333.99,53.18,high_vol,4387.17
2023-03-21,1080.92,4255.54,high_vol,5336.46
2023-03-22,842.64,6504.21,high_vol,7346.85
2023-03-23,1979.28,-4401.91,high_vol,-2422.63
2023-03-24,2636.7,952.9,high_vol,3589.6
2023-03-27,4514.13,1682.95,high_vol,6197.08
2023-03-28,-484.6,-3060.75,high_vol,-3545.35
2023-03-29,-731.58,-2126.3,high_vol,-2857.88
2023-03-30,-2031.83,1471.45,high_vol,-560.3799999999999
2023-03-31,5844.67,986.68,high_vol,6831.35
2023-04-03,-4185.59,1111.51,high_vol,-3074.08
2023-04-04,4188.21,-1524.46,high_vol,2663.75
2023-04-05,-469.06,36.72,high_vol,-432.34000000000003
2023-04-06,-2747.14,1620.7,high_vol,-1126.4399999999998
2023-04-07,-2645.14,2135.63,bear,-509.50999999999976
2023-04-10,-3564.99,1450.03,bear,-2114.96
2023-04-11,-1633.14,1501.73,bear,-131.41000000000008
2023-04-12,-427.64,1480.29,bear,1052.65
2023-04-13,-2230.38,2546.07,bear,315.69000000000005
2023-04-14,-4202.04,391.35,bear,-3810.69
2023-04-17,-4330.79,2810.07,bear,-1520.7199999999998
2023-04-18,-3162.23,3846.56,bear,684.3299999999999
2023-04-19,-3177.1,1947.64,bear,-1229.4599999999998
2023-04-20,-649.47,3404.87,bear,2755.3999999999996
2023-04-21,-26.2,2766.69,bear,2740.4900000000002
2023-04-24,-1271.12,2274.02,bear,1002.9000000000001
2023-04-25,-1565.97,1359.05,bear,-206.92000000000007
2023-04-26,-3481.84,1797.3,bear,-1684.5400000000002
2023-04-27,-2704.22,1437.42,bear,-1266.7999999999997
2023-04-28,-1664.34,2564.24,bear,899.8999999999999
2023-05-01,-2393.91,2982.02,bear,588.1100000000001
2023-05-02,-3870.03,1645.07,bear,-2224.96
2023-05-03,-3360.19,306.77,bear,-3053.42
2023-05-04,-2599.22,1702.6,bear,-896.6199999999999
2023-05-05,-683.86,2304.65,bear,1620.79
2023-05-08,-3729.02,3283.27,bear,-445.75
2023-05-09,-1034.76,2265.68,bear,1230.9199999999998
2023-05-10,-2771.78,1032.45,bear,-1739.3300000000002
2023-05-11,-2946.65,2671.0,bear,-275.6500000000001
2023-05-12,-238.5,3034.59,bear,2796.09
2023-05-15,-3086.62,904.31,bear,-2182.31
2023-05-16,-2330.94,385.25,bear,-1945.69
2023-05-17,-2112.2,1681.92,bear,-430.27999999999975
2023-05-18,-3059.24,524.24,bear,-2535.0
2023-05-19,-1883.68,1373.84,bear,-509.84000000000015
2023-05-22,-3903.9,-497.81,bear,-4401.71
2023-05-23,-2533.02,3217.8,bear,684.7800000000002
2023-05-24,-506.49,1434.32,bear,927.8299999999999
2023-05-25,-3222.65,2175.02,bear,-1047.63
2023-05-26,-3698.06,2041.43,bear,-1656.6299999999999
2023-05-29,-1580.7,2781.55,bear,1200.8500000000001
2023-05-30,-2620.18,1637.06,bear,-983.1199999999999
2023-05-31,-7755.97,2759.68,crisis,-4996.290000000001
2023-06-01,-6452.96,4551.05,crisis,-1901.9099999999999
2023-06-02,-4172.83,2795.23,crisis,-1377.6
2023-06-05,-3014.62,3593.31,crisis,578.69
2023-06-06,-6042.73,2879.18,crisis,-3163.5499999999997
2023-06-07,-10848.48,5326.07,crisis,-5522.41
2023-06-08,-4526.31,3578.01,crisis,-948.3000000000002
2023-06-09,-5866.02,4773.91,crisis,-1092.1100000000006
2023-06-12,-9125.09,3206.42,crisis,-5918.67
2023-06-13,-4411.47,2118.57,crisis,-2292.9
2023-06-14,-5412.88,1965.13,crisis,-3447.75
2023-06-15,-5067.14,3946.54,crisis,-1120.6000000000004
2023-06-16,-9230.26,5747.11,crisis,-3483.1500000000005
2023-06-19,-7469.18,2784.62,crisis,-4684.56
2023-06-20,-5598.86,5722.96,crisis,124.10000000000036
2023-06-21,-8031.64,4092.52,crisis,-3939.1200000000003
2023-06-22,-5142.37,5039.66,crisis,-102.71000000000004
2023-06-23,-5647.12,3449.46,crisis,-2197.66
2023-06-26,-7655.18,4129.22,crisis,-3525.96
2023-06-27,-8144.28,-382.03,crisis,-8526.31
2023-06-28,-5126.88,5355.9,crisis,229.01999999999953
2023-06-29,-10725.86,2485.4,crisis,-8240.460000000001
2023-06-30,-4761.69,7086.24,crisis,2324.55
2023-07-03,-5958.41,2908.0,crisis,-3050.41
2023-07-04,-6365.79,6062.31,crisis,-303.47999999999956
2023-07-05,-7291.93,2801.21,crisis,-4490.72
2023-07-06,-6965.49,2570.01,crisis,-4395.48
2023-07-07,-5754.66,6437.02,crisis,682.3600000000006
2023-07-10,-5353.84,3621.47,crisis,-1732.3700000000003
2023-07-11,-6583.62,1655.21,crisis,-4928.41
2023-07-12,-4233.78,3883.24,crisis,-350.53999999999996
2023-07-13,-6360.96,8789.66,crisis,2428.7
2023-07-14,-5402.49,2872.31,crisis,-2530.18
2023-07-17,-6852.72,5722.67,crisis,-1130.0500000000002
2023-07-18,-5773.46,1842.58,crisis,-3930.88
2023-07-19,-4161.54,2997.78,crisis,-1163.7599999999998
2023-07-20,-2253.4,5620.07,crisis,3366.6699999999996
2023-07-21,-6894.64,5921.52,crisis,-973.1199999999999
2023-07-24,-5864.29,5279.16,crisis,-585.1300000000001
2023-07-25,-5030.53,2730.47,crisis,-2300.06
2023-07-26,-7287.1,5544.94,crisis,-1742.1600000000008
2023-07-27,-6669.55,3394.53,crisis,-3275.02
2023-07-28,-7910.25,4635.4,crisis,-3274.8500000000004
2023-07-31,-1874.95,2398.7,crisis,523.7499999999998
2023-08-01,-5951.56,6118.33,crisis,166.76999999999953
2023-08-02,-6159.28,4678.56,crisis,-1480.7199999999993
2023-08-03,-8124.79,4642.46,crisis,-3482.33
2023-08-04,-6374.29,5478.59,crisis,-895.6999999999998
2023-08-07,-3625.23,7884.35,crisis,4259.120000000001
2023-08-08,-4840.73,4488.69,crisis,-352.03999999999996
2023-08-09,-5611.23,3470.25,crisis,-2140.9799999999996
2023-08-10,-5323.03,3556.9,crisis,-1766.1299999999997
2023-08-11,-5663.08,5976.4,crisis,313.3199999999997
2023-08-14,-8013.09,5709.82,crisis,-2303.2700000000004
2023-08-15,-3365.77,3822.9,crisis,457.1300000000001
2023-08-16,-10243.71,3088.27,crisis,-7155.439999999999
2023-08-17,-3406.01,3965.7,crisis,559.6899999999996
2023-08-18,-7998.6,3242.84,crisis,-4755.76
2023-08-21,-4318.76,4820.1,crisis,501.34000000000015
2023-08-22,-6477.86,3449.76,crisis,-3028.0999999999995
2023-08-23,-6783.52,2616.38,crisis,-4167.14
2023-08-24,-2769.25,3516.52,crisis,747.27
2023-08-25,-3565.68,6281.97,crisis,2716.2900000000004
2023-08-28,-4003.38,3352.57,crisis,-650.81
2023-08-29,-5192.54,3963.71,crisis,-1228.83
2023-08-30,-7807.4,4486.54,crisis,-3320.8599999999997
2023-08-31,-8358.08,5781.52,crisis,-2576.5599999999995
2023-09-01,-6929.23,4301.74,crisis,-2627.49
2023-09-04,-5433.42,3611.64,crisis,-1821.7800000000002
2023-09-05,-4826.61,3287.64,crisis,-1538.9699999999998
2023-09-06,-4257.41,1981.03,crisis,-2276.38
2023-09-07,-5747.24,6908.39,crisis,1161.1500000000005
2023-09-08,-8000.66,2983.38,crisis,-5017.28
2023-09-11,-4972.18,4269.37,crisis,-702.8100000000004
2023-09-12,-5298.74,4733.78,crisis,-564.96
2023-09-13,-4730.56,5664.55,crisis,933.9899999999998
2023-09-14,-5180.36,3638.11,crisis,-1542.2499999999995
2023-09-15,-4654.85,6849.82,crisis,2194.9699999999993
2023-09-18,-6265.27,2538.21,crisis,-3727.0600000000004
2023-09-19,-3785.84,3819.43,crisis,33.58999999999969
2023-09-20,-10345.34,5271.13,crisis,-5074.21
2023-09-21,-7070.66,3864.2,crisis,-3206.46
2023-09-22,-5336.04,4285.75,crisis,-1050.29
2023-09-25,-4581.1,3346.77,crisis,-1234.3300000000004
2023-09-26,-4973.79,3610.68,crisis,-1363.1100000000001
2023-09-27,-4522.38,4923.05,crisis,400.6700000000001
2023-09-28,-7870.88,5628.97,crisis,-2241.91
2023-09-29,-7071.93,5212.09,crisis,-1859.8400000000001
2023-10-02,-5265.43,6757.28,crisis,1491.8499999999995
2023-10-03,-6446.93,3476.02,crisis,-2970.9100000000003
2023-10-04,-6038.84,3545.23,crisis,-2493.61
2023-10-05,-4400.12,1575.53,crisis,-2824.59
2023-10-06,-8107.36,2398.3,crisis,-5709.0599999999995
2023-10-09,-4099.38,6565.92,crisis,2466.54
2023-10-10,-6208.9,3746.77,crisis,-2462.1299999999997
2023-10-11,-5859.9,5742.82,crisis,-117.07999999999993
2023-10-12,-7854.71,4357.55,crisis,-3497.16
2023-10-13,-4049.6,4751.64,crisis,702.0400000000004
2023-10-16,-5620.84,5501.57,crisis,-119.27000000000044
2023-10-17,-11406.46,5016.81,crisis,-6389.649999999999
2023-10-18,-7308.15,1254.05,crisis,-6054.099999999999
2023-10-19,-4977.59,6060.49,crisis,1082.8999999999996
2023-10-20,-6274.9,5429.31,crisis,-845.5899999999992
2023-10-23,-2775.44,5972.37,crisis,3196.93
2023-10-24,-2720.07,5113.19,crisis,2393.1199999999994
2023-10-25,-5849.13,1597.05,crisis,-4252.08
2023-10-26,-6492.12,2735.13,crisis,-3756.99
2023-10-27,-1658.11,3736.17,crisis,2078.0600000000004
2023-10-30,-5753.59,4827.23,crisis,-926.3600000000006
2023-10-31,-5912.8,6542.58,crisis,629.7799999999997
2023-11-01,-7245.3,4291.91,crisis,-2953.3900000000003
2023-11-02,-7484.94,2019.97,crisis,-5464.969999999999
2023-11-03,-7223.54,3944.44,crisis,-3279.1
2023-11-06,-6858.6,2961.37,crisis,-3897.2300000000005
2023-11-07,-8812.63,3875.34,crisis,-4937.289999999999
2023-11-08,-9009.44,5140.08,crisis,-3869.3600000000006
2023-11-09,-5835.12,1813.67,crisis,-4021.45
2023-11-10,-6618.42,2871.77,crisis,-3746.65
2023-11-13,-5361.65,6010.68,crisis,649.0300000000007
2023-11-14,-9750.34,4172.54,crisis,-5577.8
2023-11-15,-6320.27,5007.01,crisis,-1313.2600000000002
2023-11-16,-5573.61,2872.05,crisis,-2701.5599999999995
2023-11-17,-6638.11,2805.96,crisis,-3832.1499999999996
2023-11-20,-3847.99,4031.97,crisis,183.98000000000002
2023-11-21,-2197.62,3909.01,crisis,1711.3900000000003
2023-11-22,-7416.81,1729.43,crisis,-5687.38
2023-11-23,-9606.28,1623.8,crisis,-7982.4800000000005
2023-11-24,-5465.75,4763.09,crisis,-702.6599999999999
2023-11-27,-9162.38,5342.56,crisis,-3819.819999999999
2023-11-28,-6966.12,4220.19,crisis,-2745.9300000000003
2023-11-29,-2775.56,5345.26,crisis,2569.7000000000003
2023-11-30,-6537.06,2663.21,crisis,-3873.8500000000004
2023-12-01,-10303.63,2921.27,crisis,-7382.359999999999
2023-12-04,-6422.26,2519.23,crisis,-3903.03
2023-12-05,-6262.51,4115.28,crisis,-2147.2300000000005
2023-12-06,-6449.71,3025.0,crisis,-3424.71
2023-12-07,-5662.69,4662.91,crisis,-999.7799999999997
2023-12-08,-8180.8,6116.4,crisis,-2064.4000000000005
2023-12-11,-6197.18,4028.27,crisis,-2168.9100000000003
2023-12-12,-4583.57,4349.82,crisis,-233.75
2023-12-13,-4093.73,4430.69,crisis,336.9599999999996
2023-12-14,-7224.87,4542.26,crisis,-2682.6099999999997
2023-12-15,-8287.45,4162.84,crisis,-4124.610000000001
2023-12-18,-6066.46,3687.82,crisis,-2378.64
2023-12-19,-6257.08,1177.23,crisis,-5079.85
2023-12-20,-7097.45,4139.27,crisis,-2958.1799999999994
2023-12-21,-5680.29,2458.49,crisis,-3221.8
2023-12-22,-3468.58,2700.74,crisis,-767.8400000000001
2023-12-25,-4061.09,4640.79,crisis,579.6999999999998
2023-12-26,-7292.45,6662.97,crisis,-629.4799999999996
2023-12-27,-8387.27,5378.73,crisis,-3008.540000000001
2023-12-28,-3998.84,2994.07,crisis,-1004.77
2023-12-29,-3215.07,3624.93,crisis,409.8599999999997
2024-01-01,-5422.61,4390.48,crisis,-1032.13
2024-01-02,-6268.62,5216.21,crisis,-1052.4099999999999
2024-01-03,-4413.02,1377.2,crisis,-3035.8200000000006
2024-01-04,-3391.32,1506.26,crisis,-1885.0600000000002
2024-01-05,-3934.91,5690.06,crisis,1755.1500000000005
2024-01-08,-8181.93,3383.78,crisis,-4798.15
2024-01-09,-8211.41,3677.62,crisis,-4533.79
2024-01-10,-6616.07,5169.49,crisis,-1446.58
2024-01-11,-3379.38,6093.53,crisis,2714.1499999999996
2024-01-12,-7124.34,3686.17,crisis,-3438.17
2024-01-15,-9366.88,2791.19,crisis,-6575.689999999999
2024-01-16,-4070.3,6423.37,crisis,2353.0699999999997
2024-01-17,-8468.7,3111.3,crisis,-5357.400000000001
2024-01-18,-6052.81,4420.24,crisis,-1632.5700000000006
2024-01-19,-7619.21,4636.09,crisis,-2983.12
2024-01-22,-6947.68,3978.32,crisis,-2969.36
2024-01-23,-4907.43,4009.63,crisis,-897.8000000000002
2024-01-24,-6872.77,3835.59,crisis,-3037.1800000000003
2024-01-25,-6176.73,3444.98,crisis,-2731.7499999999995
2024-01-26,-6517.59,6397.97,crisis,-119.61999999999989
2024-01-29,-4878.16,3556.78,crisis,-1321.3799999999997
2024-01-30,-4606.09,3499.27,crisis,-1106.8200000000002
2024-01-31,-3653.75,4554.46,crisis,900.71
2024-02-01,-6214.6,4671.58,crisis,-1543.0200000000004
2024-02-02,-9141.75,2309.85,crisis,-6831.9
2024-02-05,-8387.85,4214.41,crisis,-4173.4400000000005
2024-02-06,-2534.97,7346.95,crisis,4811.98
2024-02-07,-4723.9,4751.27,crisis,27.3700000000008
2024-02-08,-9602.12,3185.99,crisis,-6416.130000000001
2024-02-09,-7575.57,3068.73,crisis,-4506.84
2024-02-12,-6336.29,3291.86,crisis,-3044.43
2024-02-13,-9958.6,5121.87,crisis,-4836.7300000000005
2024-02-14,-8145.49,4358.87,crisis,-3786.62
2024-02-15,-1851.83,2620.92,crisis,769.0900000000001
2024-02-16,-11060.58,3570.99,crisis,-7489.59
2024-02-19,-3798.08,6937.52,crisis,3139.4400000000005
2024-02-20,-8459.1,4745.05,crisis,-3714.05
2024-02-21,-6930.62,3841.08,crisis,-3089.54
2024-02-22,673.21,597.62,bear,1270.83
2024-02-23,-2195.51,2174.15,bear,-21.360000000000127
2024-02-26,-1197.06,1878.39,bear,681.3300000000002
2024-02-27,-2130.34,1486.68,bear,-643.6600000000001
2024-02-28,-2177.05,1525.45,bear,-651.6000000000001
2024-02-29,-1754.11,1504.31,bear,-249.79999999999995
2024-03-01,-2047.48,1776.59,bear,-270.8900000000001
2024-03-04,-1148.74,1758.89,bear,610.1500000000001
2024-03-05,-4627.64,2809.54,bear,-1818.1000000000004
2024-03-06,-3586.88,1276.99,bear,-2309.8900000000003
2024-03-07,-3214.79,2899.55,bear,-315.2399999999998
2024-03-08,-5062.81,4310.2,bear,-752.6100000000006
2024-03-11,-1232.73,1978.59,bear,745.8599999999999
2024-03-12,-2565.87,2028.44,bear,-537.4299999999998
2024-03-13,-1874.65,2316.17,bear,441.52
2024-03-14,-1833.27,1871.66,bear,38.3900000000001
2024-03-15,-2736.81,1678.98,bear,-1057.83
2024-03-18,-2733.89,2707.02,bear,-26.86999999999989
2024-03-19,-1787.73,-552.31,bear,-2340.04
2024-03-20,-1712.92,1955.79,bear,242.8699999999999
2024-03-21,-2522.45,1489.19,bear,-1033.2599999999998
2024-03-22,-1151.06,2558.02,bear,1406.96
2024-03-25,-3427.45,2125.64,bear,-1301.81
2024-03-26,-3665.99,696.31,bear,-2969.68
2024-03-27,-3252.06,2489.91,bear,-762.1500000000001
2024-03-28,-1356.25,2210.47,bear,854.2199999999998
2024-03-29,-1629.89,2212.94,bear,583.05
2024-04-01,-3269.78,2145.54,bear,-1124.2400000000002
2024-04-02,-1539.51,2403.43,bear,863.9199999999998
2024-04-03,-1073.3,2366.64,bear,1293.34
2024-04-04,-2078.26,2656.12,bear,577.8599999999997
2024-04-05,-2531.83,1094.5,bear,-1437.33
2024-04-08,-2695.68,1204.08,bear,-1491.6
2024-04-09,-3310.21,1684.39,bear,-1625.82
2024-04-10,-3450.9,1553.63,bear,-1897.27
2024-04-11,-4772.34,1970.63,bear,-2801.71
2024-04-12,-2498.55,1146.33,bear,-1352.2200000000003
2024-04-15,-1708.91,2550.06,bear,841.1499999999999
2024-04-16,-4429.07,1189.82,bear,-3239.25
2024-04-17,-3422.97,1048.08,bear,-2374.89
2024-04-18,-1504.63,1644.94,bear,140.30999999999995
2024-04-19,-2817.42,196.91,bear,-2620.51
2024-04-22,-1737.5,808.59,bear,-928.91
2024-04-23,-2428.08,2021.9,bear,-406.17999999999984
2024-04-24,-867.21,752.94,bear,-114.26999999999998
2024-04-25,-6123.41,1947.08,bear,-4176.33
2024-04-26,-339.39,2791.16,bear,2451.77
2024-04-29,-2248.41,1406.69,bear,-841.7199999999998
2024-04-30,-1531.45,1021.16,bear,-510.2900000000001
2024-05-01,-1928.37,2204.38,bear,276.0100000000002
2024-05-02,-1227.75,4007.73,bear,2779.98
2024-05-03,-2029.1,1392.83,bear,-636.27
2024-05-06,-2530.69,384.74,bear,-2145.95
2024-05-07,-2431.5,-1023.21,high_vol,-3454.71
2024-05-08,-1834.31,380.89,high_vol,-1453.42
2024-05-09,-2878.47,2802.58,high_vol,-75.88999999999987
2024-05-10,0.72,-23.25,high_vol,-22.53
2024-05-13,-1147.63,387.98,high_vol,-759.6500000000001
2024-05-14,2887.84,-2167.83,high_vol,720.0100000000002
2024-05-15,-2303.41,-759.32,high_vol,-3062.73
2024-05-16,-4710.55,-2048.14,high_vol,-6758.6900000000005
2024-05-17,-1666.77,2185.97,high_vol,519.1999999999998
2024-05-20,918.96,483.97,high_vol,1402.93
2024-05-21,2978.14,-343.43,high_vol,2634.71
2024-05-22,1366.63,-258.05,high_vol,1108.5800000000002
2024-05-23,928.77,-1456.9,high_vol,-528.1300000000001
2024-05-24,-8535.86,-335.7,high_vol,-8871.560000000001
2024-05-27,4979.62,2315.54,high_vol,7295.16
2024-05-28,3378.89,3090.33,high_vol,6469.219999999999
2024-05-29,310.3,493.29,high_vol,803.59
2024-05-30,-2161.78,-790.18,high_vol,-2951.96
2024-05-31,2155.2,3009.71,high_vol,5164.91
2024-06-03,-488.06,-1125.47,high_vol,-1613.53
2024-06-04,1.85,1503.02,high_vol,1504.87
2024-06-05,-5053.49,-5740.45,high_vol,-10793.939999999999
2024-06-06,-1926.88,-3051.78,high_vol,-4978.66
2024-06-07,-1778.49,-369.45,high_vol,-2147.94
2024-06-10,-1586.37,3631.17,high_vol,2044.8000000000002
2024-06-11,1143.61,751.19,high_vol,1894.8
2024-06-12,2177.73,-2847.08,high_vol,-669.3499999999999
2024-06-13,3636.89,-189.41,high_vol,3447.48
2024-06-14,2346.68,-2679.64,high_vol,-332.96000000000004
2024-06-17,-5438.16,2044.72,high_vol,-3393.4399999999996
2024-06-18,1317.43,-2255.13,high_vol,-937.7
2024-06-19,-3043.82,2813.59,high_vol,-230.23000000000002
2024-06-20,-4162.94,4106.68,high_vol,-56.25999999999931
2024-06-21,-3152.17,1595.98,high_vol,-1556.19
2024-06-24,-1150.16,1507.97,high_vol,357.80999999999995
2024-06-25,-1904.4,-406.98,high_vol,-2311.38
2024-06-26,143.22,-2505.47,high_vol,-2362.25
2024-06-27,2592.89,-1283.03,high_vol,1309.86
2024-06-28,-800.1,-2485.87,high_vol,-3285.97
2024-07-01,-8968.17,-477.57,high_vol,-9445.74
2024-07-02,8444.15,1961.51,high_vol,10405.66
2024-07-03,-67.41,-657.23,high_vol,-724.64
2024-07-04,78.63,1367.8,high_vol,1446.4299999999998
2024-07-05,-4132.84,2785.8,high_vol,-1347.04
2024-07-08,2503.83,1795.46,high_vol,4299.29
2024-07-09,1534.67,49.04,high_vol,1583.71
2024-07-10,2355.01,1479.54,high_vol,3834.55
2024-07-11,-1239.14,-1434.0,high_vol,-2673.1400000000003
2024-07-12,356.5,3872.55,high_vol,4229.05
2024-07-15,-4336.87,-3668.81,high_vol,-8005.68
2024-07-16,576.66,127.22,high_vol,703.88
2024-07-17,606.7,609.88,high_vol,1216.58
2024-07-18,-781.21,3724.66,high_vol,2943.45
2024-07-19,-5603.16,-2071.24,high_vol,-7674.4
2024-07-22,-361.39,-4107.97,high_vol,-4469.360000000001
2024-07-23,-615.49,4153.68,high_vol,3538.1900000000005
2024-07-24,73.1,576.75,high_vol,649.85
2024-07-25,-4410.58,-1540.9,high_vol,-5951.48
2024-07-26,-1313.19,-794.29,high_vol,-2107.48
2024-07-29,4485.75,1394.23,high_vol,5879.98
2024-07-30,-3890.1,616.26,high_vol,-3273.84
2024-07-31,1743.78,2850.37,high_vol,4594.15
2024-08-01,5531.89,-2537.74,high_vol,2994.1500000000005
2024-08-02,-2838.0,-3143.94,high_vol,-5981.9400000000005
2024-08-05,-819.07,1165.9,high_vol,346.83000000000004
2024-08-06,3455.67,-189.88,high_vol,3265.79
2024-08-07,-1119.47,379.39,high_vol,-740.08
2024-08-08,-2923.0,5223.85,high_vol,2300.8500000000004
2024-08-09,-5626.81,461.85,high_vol,-5164.96
2024-08-12,7082.62,17.0,high_vol,7099.62
2024-08-13,-665.14,-893.61,high_vol,-1558.75
2024-08-14,-631.37,3432.12,high_vol,2800.75
2024-08-15,-7741.52,3833.58,high_vol,-3907.9400000000005
2024-08-16,-4983.85,-666.63,high_vol,-5650.4800000000005
2024-08-19,-1502.36,1471.38,high_vol,-30.97999999999979
2024-08-20,-5593.44,1155.43,high_vol,-4438.009999999999
2024-08-21,7085.08,-3407.94,high_vol,3677.14
2024-08-22,663.97,-1654.96,high_vol,-990.99
2024-08-23,1490.61,47.87,high_vol,1538.4799999999998
2024-08-26,-2245.2,1219.68,high_vol,-1025.5199999999998
2024-08-27,6315.22,-477.26,high_vol,5837.96
2024-08-28,2519.15,-3233.18,high_vol,-714.0299999999997
2024-08-29,-3347.53,1181.02,high_vol,-2166.51
2024-08-30,5194.41,889.03,high_vol,6083.44
2024-09-02,-1095.7,-1.77,high_vol,-1097.47
2024-09-03,-4376.43,1511.29,high_vol,-2865.1400000000003
2024-09-04,3088.17,-1130.23,high_vol,1957.94
2024-09-05,-1645.15,664.7,high_vol,-980.45
2024-09-06,-1528.52,-165.33,high_vol,-1693.85
2024-09-09,7349.03,-617.56,high_vol,6731.469999999999
2024-09-10,-1254.19,-1618.85,high_vol,-2873.04
2024-09-11,2604.67,-453.06,high_vol,2151.61
2024-09-12,-2272.81,3303.26,high_vol,1030.4500000000003
2024-09-13,4968.61,-1501.06,high_vol,3467.5499999999997
2024-09-16,-6532.89,2518.78,high_vol,-4014.11
2024-09-17,-2396.2,1976.56,high_vol,-419.6399999999999
2024-09-18,-6895.36,2231.49,high_vol,-4663.87
2024-09-19,-4239.1,1826.91,high_vol,-2412.1900000000005
2024-09-20,49.96,-2384.85,high_vol,-2334.89
2024-09-23,-1424.63,1715.8,high_vol,291.16999999999985
2024-09-24,370.63,1461.03,high_vol,1831.6599999999999
2024-09-25,6917.54,-3910.6,high_vol,3006.94
2024-09-26,5660.24,260.89,high_vol,5921.13
2024-09-27,-3145.74,-3325.78,high_vol,-6471.52
2024-09-30,-661.92,2304.13,high_vol,1642.21
2024-10-01,-446.42,3777.89,high_vol,3331.47
2024-10-02,-5079.11,-30.22,high_vol,-5109.33
2024-10-03,-4383.38,909.08,high_vol,-3474.3
2024-10-04,3104.11,-1051.9,high_vol,2052.21
2024-10-07,-9114.75,497.37,high_vol,-8617.38
2024-10-08,1528.58,1010.74,high_vol,2539.3199999999997
2024-10-09,4325.24,-2677.63,high_vol,1647.6099999999997
2024-10-10,2380.76,2981.27,high_vol,5362.030000000001
2024-10-11,-6225.06,799.13,high_vol,-5425.93
2024-10-14,-1764.63,-203.81,high_vol,-1968.44
2024-10-15,1216.87,-1218.07,high_vol,-1.2000000000000455
2024-10-16,-2364.98,85.38,high_vol,-2279.6
2024-10-17,-3805.36,-2714.56,high_vol,-6519.92
2024-10-18,2377.81,-2871.99,high_vol,-494.17999999999984
2024-10-21,2332.09,1156.48,high_vol,3488.57
2024-10-22,-6040.32,-1693.91,high_vol,-7734.23
2024-10-23,4179.38,-2452.91,high_vol,1726.4700000000003
2024-10-24,-1625.41,1155.15,high_vol,-470.26
2024-10-25,2741.87,-628.85,high_vol,2113.02
2024-10-28,-2091.29,3555.92,high_vol,1464.63
2024-10-29,6086.15,2447.15,high_vol,8533.3
2024-10-30,298.61,-2020.66,high_vol,-1722.0500000000002
2024-10-31,-2906.56,1306.29,high_vol,-1600.27
2024-11-01,1464.39,3504.0,high_vol,4968.39
2024-11-04,2276.58,-3757.7,high_vol,-1481.12
2024-11-05,3681.82,-2495.15,high_vol,1186.67
2024-11-06,-1343.9,625.5,high_vol,-718.4000000000001
2024-11-07,6984.84,7774.8,high_vol,14759.64
2024-11-08,2123.53,-457.99,high_vol,1665.5400000000002
2024-11-11,1870.77,2219.14,high_vol,4089.91
2024-11-12,-1122.34,4488.03,high_vol,3365.6899999999996
2024-11-13,805.25,1244.36,high_vol,2049.6099999999997
2024-11-14,2330.73,1053.97,high_vol,3384.7
2024-11-15,2936.29,-1543.13,high_vol,1393.1599999999999
2024-11-18,-1954.06,-2750.39,high_vol,-4704.45
2024-11-19,1538.25,1947.34,high_vol,3485.59
2024-11-20,1602.21,4186.23,high_vol,5788.44
2024-11-21,-19.59,1671.85,high_vol,1652.26
2024-11-22,-3820.95,-967.75,high_vol,-4788.7
2024-11-25,2434.38,2122.76,high_vol,4557.14
2024-11-26,-1028.88,-179.0,high_vol,-1207.88
2024-11-27,-5312.56,-892.57,high_vol,-6205.13
2024-11-28,3116.34,1438.01,high_vol,4554.35
2024-11-29,1752.33,124.43,high_vol,1876.76
2024-12-02,24.72,-1650.8,high_vol,-1626.08
2024-12-03,2445.9,1052.43,high_vol,3498.33
2024-12-04,1722.07,-1315.09,high_vol,406.98
2024-12-05,-7536.7,2742.88,high_vol,-4793.82
2024-12-06,-1675.93,-2156.94,high_vol,-3832.87
2024-12-09,2427.18,-980.03,high_vol,1447.1499999999999
2024-12-10,3709.78,1542.51,high_vol,5252.29
2024-12-11,2392.49,-3414.89,high_vol,-1022.4000000000001
2024-12-12,4241.8,653.13,high_vol,4894.93
2024-12-13,-1292.47,358.47,high_vol,-934.0
2024-12-16,-6216.82,1021.63,high_vol,-5195.19
2024-12-17,-3602.8,-3381.68,high_vol,-6984.48
2024-12-18,-5328.26,2781.72,high_vol,-2546.5400000000004
2024-12-19,-2202.42,3834.32,high_vol,1631.9
2024-12-20,-1875.31,-4268.39,high_vol,-6143.700000000001
2024-12-23,-3907.84,3089.53,high_vol,-818.31
2024-12-24,-545.64,-1370.72,high_vol,-1916.3600000000001
2024-12-25,560.06,1254.46,high_vol,1814.52
2024-12-26,3910.9,3621.25,high_vol,7532.15
2024-12-27,-1259.19,-3315.12,high_vol,-4574.3099999999995
2024-12-30,-1447.13,650.7,high_vol,-796.4300000000001
2024-12-31,-3373.16,-2392.88,high_vol,-5766.04
2025-01-01,1203.26,-121.63,high_vol,1081.63
2025-01-02,114.79,-1896.24,high_vol,-1781.45
2025-01-03,-806.4,-2310.58,high_vol,-3116.98
2025-01-06,3115.69,2588.12,high_vol,5703.8099999999995
2025-01-07,-6461.66,-2323.78,high_vol,-8785.44
2025-01-08,-5237.85,-1625.06,high_vol,-6862.91
2025-01-09,-292.03,-3624.11,high_vol,-3916.1400000000003
2025-01-10,-3226.51,-2509.89,high_vol,-5736.4
2025-01-13,725.44,173.36,high_vol,898.8000000000001
2025-01-14,-2526.08,442.05,high_vol,-2084.0299999999997
2025-01-15,-1913.38,-679.14,high_vol,-2592.52
2025-01-16,5857.08,3351.15,high_vol,9208.23
2025-01-17,-4548.53,2074.33,high_vol,-2474.2
2025-01-20,2839.89,-2870.66,high_vol,-30.769999999999982
2025-01-21,2865.72,3844.83,high_vol,6710.549999999999
2025-01-22,-3928.91,-2293.76,high_vol,-6222.67
2025-01-23,3561.82,678.74,high_vol,4240.56
2025-01-24,1930.17,851.47,high_vol,2781.6400000000003
2025-01-27,1367.44,-3316.18,high_vol,-1948.7399999999998
2025-01-28,3665.61,2923.97,high_vol,6589.58
2025-01-29,-802.87,-108.69,high_vol,-911.56
2025-01-30,-5358.88,1285.64,high_vol,-4073.24
2025-01-31,2002.2,-155.48,high_vol,1846.72
2025-02-03,3935.24,-835.19,high_vol,3100.0499999999997
2025-02-04,1976.12,-2549.16,high_vol,-573.04
2025-02-05,-82.43,-435.89,high_vol,-518.3199999999999
2025-02-06,788.58,-923.82,high_vol,-135.24
2025-02-07,-460.15,2065.12,high_vol,1604.9699999999998
2025-02-10,-1528.67,-4016.44,high_vol,-5545.110000000001
2025-02-11,6123.54,3453.64,high_vol,9577.18
2025-02-12,-4522.92,1724.27,high_vol,-2798.65
2025-02-13,-1760.41,658.72,high_vol,-1101.69
2025-02-14,1029.78,-586.02,high_vol,443.76
2025-02-17,-2743.18,-1726.35,high_vol,-4469.53
2025-02-18,-3206.67,-2079.56,high_vol,-5286.23
2025-02-19,-235.12,-1789.4,high_vol,-2024.52
2025-02-20,2387.18,3718.12,high_vol,6105.299999999999
2025-02-21,-2030.19,598.51,high_vol,-1431.68
2025-02-24,1748.9,1180.01,high_vol,2928.91
2025-02-25,265.84,1856.71,high_vol,2122.55
2025-02-26,1687.87,-3094.16,high_vol,-1406.29
2025-02-27,3042.05,2218.23,high_vol,5260.280000000001
2025-02-28,-2671.5,94.84,high_vol,-2576.66
2025-03-03,2391.65,-523.28,high_vol,1868.3700000000001
2025-03-04,3755.42,5909.68,high_vol,9665.1
2025-03-05,-2750.95,-3452.61,high_vol,-6203.5599999999995
2025-03-06,1063.37,1803.91,high_vol,2867.2799999999997
2025-03-07,-808.03,3633.15,high_vol,2825.12
2025-03-10,-4685.12,1732.3,high_vol,-2952.8199999999997
2025-03-11,-2120.51,4298.44,high_vol,2177.9299999999994
2025-03-12,6973.8,-1916.64,high_vol,5057.16
2025-03-13,-1923.45,2148.97,high_vol,225.51999999999975
2025-03-14,-1354.96,-113.53,high_vol,-1468.49
2025-03-17,88.86,-4799.18,high_vol,-4710.320000000001
2025-03-18,-48.43,-1724.32,high_vol,-1772.75
2025-03-19,-1725.93,3609.08,high_vol,1883.1499999999999
2025-03-20,-4397.77,2033.01,high_vol,-2364.76
2025-03-21,-976.37,-699.4,high_vol,-1675.77
2025-03-24,2766.3,850.13,high_vol,3616.4300000000003
2025-03-25,1997.15,2420.46,high_vol,4417.610000000001
2025-03-26,-1159.58,-1530.59,high_vol,-2690.17
2025-03-27,-3798.03,-2063.53,high_vol,-5861.56
2025-03-28,10321.83,3111.7,high_vol,13433.529999999999
2025-03-31,-4728.76,-3306.14,high_vol,-8034.9
2025-04-01,1686.53,1368.16,high_vol,3054.69
2025-04-02,1921.09,-637.39,high_vol,1283.6999999999998
2025-04-03,-439.09,819.7,high_vol,380.61000000000007
2025-04-04,300.63,-5548.25,high_vol,-5247.62
2025-04-07,-804.3,-2128.52,high_vol,-2932.8199999999997
2025-04-08,613.24,7463.15,high_vol,8076.389999999999
2025-04-09,1286.19,-783.82,high_vol,502.37
2025-04-10,3226.31,1206.72,high_vol,4433.03
2025-04-11,1470.33,1517.13,high_vol,2987.46
2025-04-14,7197.9,-2827.22,high_vol,4370.68
2025-04-15,1657.71,-2315.95,high_vol,-658.2399999999998
2025-04-16,1944.29,-2296.72,high_vol,-352.42999999999984
2025-04-17,-1460.78,-737.72,high_vol,-2198.5
2025-04-18,3415.36,2296.14,high_vol,5711.5
2025-04-21,-4360.01,137.34,high_vol,-4222.67
2025-04-22,-2483.53,-3146.26,high_vol,-5629.790000000001
2025-04-23,-759.56,-771.21,high_vol,-1530.77
2025-04-24,8493.51,1082.4,high_vol,9575.91
2025-04-25,-4821.66,-1411.94,high_vol,-6233.6
2025-04-28,3574.84,5221.11,high_vol,8795.95
2025-04-29,-5550.94,-4699.81,high_vol,-10250.75
2025-04-30,6548.38,974.04,high_vol,7522.42
2025-05-01,-3039.02,1336.57,high_vol,-1702.45
2025-05-02,-9225.12,8.44,high_vol,-9216.68
2025-05-05,1147.37,2310.68,high_vol,3458.0499999999997
2025-05-06,-3548.64,214.22,high_vol,-3334.42
2025-05-07,-3238.99,638.46,high_vol,-2600.5299999999997
2025-05-08,-3133.71,-1020.25,high_vol,-4153.96
2025-05-09,-3485.35,1627.84,high_vol,-1857.51
2025-05-12,3004.58,-586.55,high_vol,2418.0299999999997
2025-05-13,133.83,-3621.48,high_vol,-3487.65
2025-05-14,-1048.87,-125.51,high_vol,-1174.3799999999999
2025-05-15,9172.78,-2779.92,high_vol,6392.860000000001
2025-05-16,5124.62,2492.15,high_vol,7616.77
2025-05-19,982.23,4396.55,high_vol,5378.780000000001
2025-05-20,1302.37,972.9,high_vol,2275.27
2025-05-21,-185.92,3058.92,high_vol,2873.0
2025-05-22,3837.64,-1564.19,high_vol,2273.45
2025-05-23,-4617.37,-507.45,high_vol,-5124.82
2025-05-26,-2800.13,-158.81,high_vol,-2958.94
2025-05-27,4331.03,-1143.25,high_vol,3187.7799999999997
2025-05-28,-149.88,145.06,high_vol,-4.819999999999993
2025-05-29,2969.51,-5617.22,high_vol,-2647.71
2025-05-30,-2123.45,528.21,high_vol,-1595.2399999999998
2025-06-02,4200.28,-1229.76,high_vol,2970.5199999999995
2025-06-03,-6567.93,1549.28,high_vol,-5018.650000000001
2025-06-04,-2223.77,-2974.17,high_vol,-5197.9400000000005
2025-06-05,-2185.21,-461.31,high_vol,-2646.52
2025-06-06,-2116.61,-5513.92,high_vol,-7630.530000000001
2025-06-09,3139.73,3187.19,high_vol,6326.92
2025-06-10,2280.33,-2844.21,high_vol,-563.8800000000001
2025-06-11,-705.22,-16.3,high_vol,-721.52
2025-06-12,2095.78,1670.85,high_vol,3766.63
2025-06-13,-2569.61,204.99,high_vol,-2364.62
2025-06-16,1600.48,3639.56,high_vol,5240.04
2025-06-17,2465.77,1972.64,high_vol,4438.41
2025-06-18,293.39,3526.15,high_vol,3819.54
2025-06-19,1434.17,-2152.72,high_vol,-718.5499999999997
2025-06-20,4911.79,1744.76,high_vol,6656.55
2025-06-23,-1550.65,-1198.73,high_vol,-2749.38
2025-06-24,1038.01,1157.96,high_vol,2195.9700000000003
2025-06-25,690.52,778.27,high_vol,1468.79
2025-06-26,5949.85,2678.86,high_vol,8628.710000000001
2025-06-27,667.22,2353.28,high_vol,3020.5
2025-06-30,-3613.83,994.82,high_vol,-2619.0099999999998
2025-07-01,6332.57,-545.11,high_vol,5787.46
2025-07-02,-2966.72,-1630.22,high_vol,-4596.94
2025-07-03,-3813.72,-1961.9,high_vol,-5775.62
2025-07-04,-1296.78,-3513.92,high_vol,-4810.7
2025-07-07,54.66,2255.69,high_vol,2310.35
2025-07-08,-3177.15,3798.21,high_vol,621.06
2025-07-09,1787.77,2576.45,high_vol,4364.219999999999
2025-07-10,-2302.42,2136.31,high_vol,-166.11000000000013
2025-07-11,-3821.77,2225.62,high_vol,-1596.15
2025-07-14,601.44,1383.13,high_vol,1984.5700000000002
2025-07-15,-4114.58,-2237.67,high_vol,-6352.25
2025-07-16,2090.3,-2370.87,high_vol,-280.5699999999997
2025-07-17,1621.22,-3417.84,high_vol,-1796.6200000000001
2025-07-18,2968.61,-3081.31,high_vol,-112.69999999999982
2025-07-21,1933.05,1564.08,high_vol,3497.13
2025-07-22,-2438.7,1455.07,high_vol,-983.6299999999999
2025-07-23,911.55,-1347.1,high_vol,-435.54999999999995
2025-07-24,-3529.94,-4906.56,high_vol,-8436.5
2025-07-25,1223.78,-3912.01,high_vol,-2688.2300000000005
2025-07-28,333.7,-658.62,high_vol,-324.92
2025-07-29,2377.0,-755.11,high_vol,1621.8899999999999
2025-07-30,-1153.07,1829.68,high_vol,676.6100000000001
2025-07-31,1172.7,790.39,high_vol,1963.0900000000001
2025-08-01,1642.44,-3838.93,high_vol,-2196.49
2025-08-04,2648.76,1531.17,high_vol,4179.93
2025-08-05,-3558.39,-610.2,high_vol,-4168.59
2025-08-06,-137.58,-336.24,high_vol,-473.82000000000005
2025-08-07,1168.51,3578.42,high_vol,4746.93
2025-08-08,3786.18,-3280.55,high_vol,505.62999999999965
2025-08-11,2177.24,3322.33,high_vol,5499.57
2025-08-12,1353.83,2727.45,high_vol,4081.2799999999997
2025-08-13,7042.95,2559.27,high_vol,9602.22
2025-08-14,872.58,2612.72,high_vol,3485.2999999999997
2025-08-15,507.11,59.76,high_vol,566.87
2025-08-18,-1229.95,3908.53,high_vol,2678.58
2025-08-19,-2864.5,3830.92,high_vol,966.4200000000001
2025-08-20,1749.52,-3498.27,high_vol,-1748.75
2025-08-21,1286.77,-5250.07,high_vol,-3963.2999999999997
2025-08-22,2189.28,2213.08,high_vol,4402.360000000001
2025-08-25,-2073.25,308.87,high_vol,-1764.38
2025-08-26,6839.55,-1264.37,high_vol,5575.18
2025-08-27,-3706.18,3704.16,high_vol,-2.019999999999982
2025-08-28,6869.06,9.24,high_vol,6878.3
2025-08-29,3540.12,3353.69,high_vol,6893.8099999999995
2025-09-01,-2598.69,-1213.26,high_vol,-3811.95
2025-09-02,4308.06,4212.54,high_vol,8520.6
2025-09-03,1970.08,-2199.54,high_vol,-229.46000000000004
2025-09-04,6954.71,-1327.43,high_vol,5627.28
2025-09-05,-1172.98,855.84,high_vol,-317.14
2025-09-08,5439.56,2134.94,high_vol,7574.5
2025-09-09,1452.03,1158.22,high_vol,2610.25
2025-09-10,152.3,1395.35,high_vol,1547.6499999999999
2025-09-11,-8853.46,-741.52,high_vol,-9594.98
2025-09-12,844.63,-2877.54,high_vol,-2032.9099999999999
2025-09-15,1352.13,-511.18,high_vol,840.95
2025-09-16,6144.16,3932.55,high_vol,10076.71
2025-09-17,-1630.32,-377.09,high_vol,-2007.4099999999999
2025-09-18,-258.82,-1129.15,high_vol,-1387.97
2025-09-19,682.59,-1895.71,high_vol,-1213.12
2025-09-22,-3957.15,1556.78,high_vol,-2400.37
2025-09-23,2203.35,-2010.79,high_vol,192.55999999999995
2025-09-24,3133.74,-1578.94,high_vol,1554.7999999999997
2025-09-25,886.08,2050.86,high_vol,2936.94
2025-09-26,-117.64,1136.85,high_vol,1019.2099999999999
2025-09-29,-1807.5,-491.17,high_vol,-2298.67
2025-09-30,-720.51,-1866.45,high_vol,-2586.96
2025-10-01,-618.71,-3871.55,high_vol,-4490.26
2025-10-02,-1719.04,-712.19,high_vol,-2431.23
2025-10-03,-896.63,-603.74,high_vol,-1500.37
2025-10-06,-216.17,1198.6,high_vol,982.43
2025-10-07,3060.81,-1624.41,high_vol,1436.3999999999999
2025-10-08,-4211.2,-2605.11,high_vol,-6816.3099999999995
2025-10-09,-1705.21,-879.8,high_vol,-2585.01
2025-10-10,-7539.99,2055.83,crisis,-5484.16
2025-10-13,-6912.24,4272.14,crisis,-2640.0999999999995
2025-10-14,-4809.94,3163.87,crisis,-1646.0699999999997
2025-10-15,-6826.0,2609.95,crisis,-4216.05
2025-10-16,-6062.88,2727.36,crisis,-3335.52
2025-10-17,-4853.74,1321.2,crisis,-3532.54
2025-10-20,-6719.26,4451.66,crisis,-2267.6000000000004
2025-10-21,-5632.33,8039.55,crisis,2407.2200000000003
2025-10-22,-5300.4,2493.92,crisis,-2806.4799999999996
2025-10-23,-6190.93,1335.63,crisis,-4855.3
2025-10-24,-6161.2,2750.42,crisis,-3410.7799999999997
2025-10-27,-4169.22,3175.69,crisis,-993.5300000000002
2025-10-28,-6233.53,3046.66,crisis,-3186.87
2025-10-29,-2522.3,3518.14,crisis,995.8399999999997
2025-10-30,-2334.89,5221.23,crisis,2886.3399999999997
2025-10-31,-5035.87,4553.1,crisis,-482.7699999999995
2025-11-03,-5212.41,1108.49,crisis,-4103.92
2025-11-04,-6557.77,5267.74,crisis,-1290.0300000000007
2025-11-05,-6097.79,1892.22,crisis,-4205.57
2025-11-06,-6104.81,6556.16,crisis,451.34999999999945
2025-11-07,-3506.22,3906.99,crisis,400.77
2025-11-10,-4097.1,3450.24,crisis,-646.8600000000006
2025-11-11,-9407.74,2613.3,crisis,-6794.44
2025-11-12,-2874.22,3589.01,crisis,714.7900000000004
2025-11-13,-6486.77,3550.24,crisis,-2936.5300000000007
2025-11-14,-2191.73,6438.94,crisis,4247.209999999999
2025-11-17,-1562.44,3761.43,crisis,2198.99
2025-11-18,-5408.75,1725.04,crisis,-3683.71
2025-11-19,-3046.13,2248.33,crisis,-797.8000000000002
2025-11-20,-5566.45,2354.05,crisis,-3212.3999999999996
2025-11-21,-7177.73,2744.11,crisis,-4433.619999999999
2025-11-24,-7215.75,3191.32,crisis,-4024.43
2025-11-25,-7096.54,5250.0,crisis,-1846.54
2025-11-26,-8209.73,4330.81,crisis,-3878.919999999999
2025-11-27,-3564.08,3230.21,crisis,-333.8699999999999
2025-11-28,-7435.84,3654.21,crisis,-3781.63
2025-12-01,-3640.55,4291.16,crisis,650.6099999999997
2025-12-02,-7062.43,4725.81,crisis,-2336.62
2025-12-03,-8204.58,5022.04,crisis,-3182.54
2025-12-04,-5182.79,3538.29,crisis,-1644.5
2025-12-05,-7677.17,2669.98,crisis,-5007.1900000000005
2025-12-08,-4930.37,5843.47,crisis,913.1000000000004
2025-12-09,-7274.62,4687.58,crisis,-2587.04
2025-12-10,-10174.05,3123.07,crisis,-7050.98
2025-12-11,-6062.12,2635.47,crisis,-3426.65
2025-12-12,-7873.01,2998.33,crisis,-4874.68
2025-12-15,-5415.61,3719.01,crisis,-1696.5999999999995
2025-12-16,-10476.46,818.95,crisis,-9657.509999999998
2025-12-17,-7213.73,4686.53,crisis,-2527.2
2025-12-18,-11495.01,3250.4,crisis,-8244.61
2025-12-19,-7052.5,6082.51,crisis,-969.9899999999998
2025-12-22,-6770.04,4574.48,crisis,-2195.5600000000004
2025-12-23,-5717.49,804.15,crisis,-4913.34
2025-12-24,-4463.59,4323.09,crisis,-140.5
2025-12-25,-4983.46,9889.36,crisis,4905.900000000001
2025-12-26,-10168.23,6587.04,crisis,-3581.1899999999996
2025-12-29,-6574.9,4430.99,crisis,-2143.91
2025-12-30,-6091.02,3363.65,crisis,-2727.3700000000003
2025-12-31,-7139.67,4494.26,crisis,-2645.41
